-- MySQL dump 10.13  Distrib 5.5.32, for debian-linux-gnu (x86_64)
--
-- Host: localhost    Database: pangu
-- ------------------------------------------------------
-- Server version	5.5.32-0ubuntu0.13.04.1

/*!40101 SET @OLD_CHARACTER_SET_CLIENT=@@CHARACTER_SET_CLIENT */;
/*!40101 SET @OLD_CHARACTER_SET_RESULTS=@@CHARACTER_SET_RESULTS */;
/*!40101 SET @OLD_COLLATION_CONNECTION=@@COLLATION_CONNECTION */;
/*!40101 SET NAMES utf8 */;
/*!40103 SET @OLD_TIME_ZONE=@@TIME_ZONE */;
/*!40103 SET TIME_ZONE='+00:00' */;
/*!40014 SET @OLD_UNIQUE_CHECKS=@@UNIQUE_CHECKS, UNIQUE_CHECKS=0 */;
/*!40014 SET @OLD_FOREIGN_KEY_CHECKS=@@FOREIGN_KEY_CHECKS, FOREIGN_KEY_CHECKS=0 */;
/*!40101 SET @OLD_SQL_MODE=@@SQL_MODE, SQL_MODE='NO_AUTO_VALUE_ON_ZERO' */;
/*!40111 SET @OLD_SQL_NOTES=@@SQL_NOTES, SQL_NOTES=0 */;

--
-- Table structure for table `area`
--

DROP TABLE IF EXISTS `area`;
/*!40101 SET @saved_cs_client     = @@character_set_client */;
/*!40101 SET character_set_client = utf8 */;
CREATE TABLE `area` (
  `id` int(11) NOT NULL AUTO_INCREMENT,
  `name` varchar(20) DEFAULT NULL,
  `notes` varchar(200) DEFAULT NULL,
  `update_user` varchar(20) DEFAULT NULL,
  `update_time` datetime DEFAULT NULL,
  `location_id` int(11) DEFAULT NULL,
  PRIMARY KEY (`id`),
  UNIQUE KEY `ix_area_name` (`name`),
  KEY `ix_area_id` (`id`)
) ENGINE=InnoDB AUTO_INCREMENT=5 DEFAULT CHARSET=utf8;
/*!40101 SET character_set_client = @saved_cs_client */;

--
-- Dumping data for table `area`
--

LOCK TABLES `area` WRITE;
/*!40000 ALTER TABLE `area` DISABLE KEYS */;
INSERT INTO `area` VALUES (1,'3楼','','admin','2013-12-19 12:02:42',1),(2,'4楼','','admin','2013-12-19 12:02:48',1),(3,'1区','','admin','2013-12-19 12:03:08',2),(4,'b区','','admin','2013-12-19 12:07:47',3);
/*!40000 ALTER TABLE `area` ENABLE KEYS */;
UNLOCK TABLES;

--
-- Table structure for table `ip`
--

DROP TABLE IF EXISTS `ip`;
/*!40101 SET @saved_cs_client     = @@character_set_client */;
/*!40101 SET character_set_client = utf8 */;
CREATE TABLE `ip` (
  `id` int(11) NOT NULL AUTO_INCREMENT,
  `name` varchar(20) DEFAULT NULL,
  `update_user` varchar(20) DEFAULT NULL,
  `update_time` datetime DEFAULT NULL,
  `subnet_id` int(11) DEFAULT NULL,
  `device_id` int(11) DEFAULT NULL,
  PRIMARY KEY (`id`),
  UNIQUE KEY `ix_ip_name` (`name`),
  KEY `ix_ip_id` (`id`)
) ENGINE=InnoDB AUTO_INCREMENT=541 DEFAULT CHARSET=utf8;
/*!40101 SET character_set_client = @saved_cs_client */;

--
-- Dumping data for table `ip`
--

LOCK TABLES `ip` WRITE;
/*!40000 ALTER TABLE `ip` DISABLE KEYS */;
INSERT INTO `ip` VALUES (1,'69.169.89.193','admin','2013-12-19 12:08:34',1,0),(2,'69.169.89.194','admin','2013-12-19 12:08:34',1,0),(3,'69.169.89.195','admin','2013-12-19 12:08:34',1,0),(4,'69.169.89.196','admin','2013-12-19 12:08:34',1,0),(5,'69.169.89.197','admin','2013-12-19 12:08:34',1,0),(6,'69.169.89.198','admin','2013-12-19 12:08:34',1,0),(7,'69.169.89.199','admin','2013-12-19 12:08:34',1,0),(8,'69.169.89.200','admin','2013-12-19 12:08:34',1,0),(9,'69.169.89.201','admin','2013-12-19 12:08:34',1,0),(10,'69.169.89.202','admin','2013-12-19 12:08:34',1,0),(11,'69.169.89.203','admin','2013-12-19 12:08:34',1,0),(12,'69.169.89.204','admin','2013-12-19 12:08:34',1,0),(13,'69.169.89.205','admin','2013-12-19 12:08:34',1,0),(14,'69.169.89.206','admin','2013-12-19 12:08:34',1,0),(15,'69.169.89.207','admin','2013-12-19 12:08:34',1,0),(16,'69.169.89.208','admin','2013-12-19 12:08:34',1,0),(17,'69.169.89.209','admin','2013-12-19 12:08:34',1,0),(18,'69.169.89.210','admin','2013-12-19 12:08:34',1,0),(19,'69.169.89.211','admin','2013-12-19 12:08:34',1,0),(20,'69.169.89.212','admin','2013-12-19 12:08:34',1,0),(21,'69.169.89.213','admin','2013-12-19 12:08:34',1,0),(22,'69.169.89.214','admin','2013-12-19 12:08:34',1,0),(23,'69.169.89.215','admin','2013-12-19 12:08:34',1,0),(24,'69.169.89.216','admin','2013-12-19 12:08:34',1,0),(25,'69.169.89.217','admin','2013-12-19 12:08:34',1,0),(26,'69.169.89.218','admin','2013-12-19 12:08:34',1,0),(27,'69.169.89.219','admin','2013-12-19 12:08:34',1,0),(28,'69.169.89.220','admin','2013-12-19 12:08:34',1,0),(29,'69.169.89.221','admin','2013-12-19 12:08:34',1,0),(30,'69.169.89.222','admin','2013-12-19 12:08:34',1,0),(31,'58.215.39.1','admin','2013-12-19 12:08:44',2,0),(32,'58.215.39.2','admin','2013-12-19 12:08:44',2,0),(33,'58.215.39.3','admin','2013-12-19 12:08:44',2,0),(34,'58.215.39.4','admin','2013-12-19 12:08:44',2,0),(35,'58.215.39.5','admin','2013-12-19 12:08:44',2,0),(36,'58.215.39.6','admin','2013-12-19 12:08:44',2,0),(37,'58.215.39.7','admin','2013-12-19 12:08:44',2,0),(38,'58.215.39.8','admin','2013-12-19 12:08:44',2,0),(39,'58.215.39.9','admin','2013-12-19 12:08:44',2,0),(40,'58.215.39.10','admin','2013-12-19 12:08:44',2,0),(41,'58.215.39.11','admin','2013-12-19 12:08:44',2,0),(42,'58.215.39.12','admin','2013-12-19 12:08:44',2,0),(43,'58.215.39.13','admin','2013-12-19 12:08:44',2,0),(44,'58.215.39.14','admin','2013-12-19 12:08:44',2,0),(45,'58.215.39.15','admin','2013-12-19 12:08:44',2,0),(46,'58.215.39.16','admin','2013-12-19 12:08:44',2,0),(47,'58.215.39.17','admin','2013-12-19 12:08:44',2,0),(48,'58.215.39.18','admin','2013-12-19 12:08:44',2,0),(49,'58.215.39.19','admin','2013-12-19 12:08:44',2,0),(50,'58.215.39.20','admin','2013-12-19 12:08:44',2,0),(51,'58.215.39.21','admin','2013-12-19 12:08:44',2,0),(52,'58.215.39.22','admin','2013-12-19 12:08:44',2,0),(53,'58.215.39.23','admin','2013-12-19 12:08:44',2,0),(54,'58.215.39.24','admin','2013-12-19 12:08:44',2,0),(55,'58.215.39.25','admin','2013-12-19 12:08:44',2,0),(56,'58.215.39.26','admin','2013-12-19 12:08:44',2,0),(57,'58.215.39.27','admin','2013-12-19 12:08:44',2,0),(58,'58.215.39.28','admin','2013-12-19 12:08:44',2,0),(59,'58.215.39.29','admin','2013-12-19 12:08:44',2,0),(60,'58.215.39.30','admin','2013-12-19 12:08:44',2,0),(61,'10.0.10.1','admin','2013-12-19 12:10:23',3,0),(62,'10.0.10.2','admin','2013-12-19 12:10:23',3,0),(63,'10.0.10.3','admin','2013-12-19 12:10:23',3,0),(64,'10.0.10.4','admin','2013-12-19 12:10:23',3,0),(65,'10.0.10.5','admin','2013-12-19 12:10:23',3,0),(66,'10.0.10.6','admin','2013-12-19 12:10:23',3,0),(67,'10.0.10.7','admin','2013-12-19 12:10:23',3,0),(68,'10.0.10.8','admin','2013-12-19 12:10:23',3,0),(69,'10.0.10.9','admin','2013-12-19 12:10:23',3,0),(70,'10.0.10.10','admin','2013-12-19 12:10:23',3,0),(71,'10.0.10.11','admin','2013-12-19 12:10:23',3,0),(72,'10.0.10.12','admin','2013-12-19 12:10:23',3,0),(73,'10.0.10.13','admin','2013-12-19 12:10:23',3,0),(74,'10.0.10.14','admin','2013-12-19 12:10:23',3,0),(75,'10.0.10.15','admin','2013-12-19 12:10:23',3,0),(76,'10.0.10.16','admin','2013-12-19 12:10:23',3,0),(77,'10.0.10.17','admin','2013-12-19 12:10:23',3,0),(78,'10.0.10.18','admin','2013-12-19 12:10:23',3,0),(79,'10.0.10.19','admin','2013-12-19 12:10:23',3,0),(80,'10.0.10.20','admin','2013-12-19 12:10:23',3,0),(81,'10.0.10.21','admin','2013-12-19 12:10:23',3,0),(82,'10.0.10.22','admin','2013-12-19 12:10:23',3,0),(83,'10.0.10.23','admin','2013-12-19 12:10:23',3,0),(84,'10.0.10.24','admin','2013-12-19 12:10:23',3,0),(85,'10.0.10.25','admin','2013-12-19 12:10:23',3,0),(86,'10.0.10.26','admin','2013-12-19 12:10:23',3,0),(87,'10.0.10.27','admin','2013-12-19 12:10:23',3,0),(88,'10.0.10.28','admin','2013-12-19 12:10:23',3,0),(89,'10.0.10.29','admin','2013-12-19 12:10:23',3,0),(90,'10.0.10.30','admin','2013-12-19 12:10:23',3,0),(91,'10.0.10.33','admin','2013-12-19 12:10:37',4,0),(92,'10.0.10.34','admin','2013-12-19 12:10:37',4,0),(93,'10.0.10.35','admin','2013-12-19 12:10:37',4,0),(94,'10.0.10.36','admin','2013-12-19 12:10:37',4,0),(95,'10.0.10.37','admin','2013-12-19 12:10:37',4,0),(96,'10.0.10.38','admin','2013-12-19 12:10:37',4,0),(97,'10.0.10.39','admin','2013-12-19 12:10:37',4,0),(98,'10.0.10.40','admin','2013-12-19 12:10:37',4,0),(99,'10.0.10.41','admin','2013-12-19 12:10:37',4,0),(100,'10.0.10.42','admin','2013-12-19 12:10:37',4,0),(101,'10.0.10.43','admin','2013-12-19 12:10:37',4,0),(102,'10.0.10.44','admin','2013-12-19 12:10:37',4,0),(103,'10.0.10.45','admin','2013-12-19 12:10:37',4,0),(104,'10.0.10.46','admin','2013-12-19 12:10:37',4,0),(105,'10.0.10.47','admin','2013-12-19 12:10:37',4,0),(106,'10.0.10.48','admin','2013-12-19 12:10:37',4,0),(107,'10.0.10.49','admin','2013-12-19 12:10:37',4,0),(108,'10.0.10.50','admin','2013-12-19 12:10:37',4,0),(109,'10.0.10.51','admin','2013-12-19 12:10:37',4,0),(110,'10.0.10.52','admin','2013-12-19 12:10:37',4,0),(111,'10.0.10.53','admin','2013-12-19 12:10:37',4,0),(112,'10.0.10.54','admin','2013-12-19 12:10:37',4,0),(113,'10.0.10.55','admin','2013-12-19 12:10:37',4,0),(114,'10.0.10.56','admin','2013-12-19 12:10:37',4,0),(115,'10.0.10.57','admin','2013-12-19 12:10:37',4,0),(116,'10.0.10.58','admin','2013-12-19 12:10:37',4,0),(117,'10.0.10.59','admin','2013-12-19 12:10:37',4,0),(118,'10.0.10.60','admin','2013-12-19 12:10:37',4,0),(119,'10.0.10.61','admin','2013-12-19 12:10:37',4,0),(120,'10.0.10.62','admin','2013-12-19 12:10:37',4,0),(121,'10.0.10.65','admin','2013-12-19 12:11:04',5,0),(122,'10.0.10.66','admin','2013-12-19 12:11:04',5,0),(123,'10.0.10.67','admin','2013-12-19 12:11:04',5,0),(124,'10.0.10.68','admin','2013-12-19 12:11:04',5,0),(125,'10.0.10.69','admin','2013-12-19 12:11:04',5,0),(126,'10.0.10.70','admin','2013-12-19 12:11:04',5,0),(127,'10.0.10.71','admin','2013-12-19 12:11:04',5,0),(128,'10.0.10.72','admin','2013-12-19 12:11:04',5,0),(129,'10.0.10.73','admin','2013-12-19 12:11:04',5,0),(130,'10.0.10.74','admin','2013-12-19 12:11:04',5,0),(131,'10.0.10.75','admin','2013-12-19 12:11:04',5,0),(132,'10.0.10.76','admin','2013-12-19 12:11:04',5,0),(133,'10.0.10.77','admin','2013-12-19 12:11:04',5,0),(134,'10.0.10.78','admin','2013-12-19 12:11:04',5,0),(135,'10.0.10.79','admin','2013-12-19 12:11:04',5,0),(136,'10.0.10.80','admin','2013-12-19 12:11:04',5,0),(137,'10.0.10.81','admin','2013-12-19 12:11:04',5,0),(138,'10.0.10.82','admin','2013-12-19 12:11:04',5,0),(139,'10.0.10.83','admin','2013-12-19 12:11:04',5,0),(140,'10.0.10.84','admin','2013-12-19 12:11:04',5,0),(141,'10.0.10.85','admin','2013-12-19 12:11:04',5,0),(142,'10.0.10.86','admin','2013-12-19 12:11:04',5,0),(143,'10.0.10.87','admin','2013-12-19 12:11:04',5,0),(144,'10.0.10.88','admin','2013-12-19 12:11:04',5,0),(145,'10.0.10.89','admin','2013-12-19 12:11:04',5,0),(146,'10.0.10.90','admin','2013-12-19 12:11:04',5,0),(147,'10.0.10.91','admin','2013-12-19 12:11:04',5,0),(148,'10.0.10.92','admin','2013-12-19 12:11:04',5,0),(149,'10.0.10.93','admin','2013-12-19 12:11:04',5,0),(150,'10.0.10.94','admin','2013-12-19 12:11:04',5,0),(151,'10.0.10.97','admin','2013-12-19 12:11:31',6,0),(152,'10.0.10.98','admin','2013-12-19 12:11:31',6,0),(153,'10.0.10.99','admin','2013-12-19 12:11:31',6,0),(154,'10.0.10.100','admin','2013-12-19 12:11:31',6,0),(155,'10.0.10.101','admin','2013-12-19 12:11:31',6,0),(156,'10.0.10.102','admin','2013-12-19 12:11:31',6,0),(157,'10.0.10.103','admin','2013-12-19 12:11:31',6,0),(158,'10.0.10.104','admin','2013-12-19 12:11:31',6,0),(159,'10.0.10.105','admin','2013-12-19 12:11:31',6,0),(160,'10.0.10.106','admin','2013-12-19 12:11:31',6,0),(161,'10.0.10.107','admin','2013-12-19 12:11:31',6,0),(162,'10.0.10.108','admin','2013-12-19 12:11:31',6,0),(163,'10.0.10.109','admin','2013-12-19 12:11:31',6,0),(164,'10.0.10.110','admin','2013-12-19 12:11:31',6,0),(165,'10.0.10.111','admin','2013-12-19 12:11:31',6,0),(166,'10.0.10.112','admin','2013-12-19 12:11:31',6,0),(167,'10.0.10.113','admin','2013-12-19 12:11:31',6,0),(168,'10.0.10.114','admin','2013-12-19 12:11:31',6,0),(169,'10.0.10.115','admin','2013-12-19 12:11:31',6,0),(170,'10.0.10.116','admin','2013-12-19 12:11:31',6,0),(171,'10.0.10.117','admin','2013-12-19 12:11:31',6,0),(172,'10.0.10.118','admin','2013-12-19 12:11:31',6,0),(173,'10.0.10.119','admin','2013-12-19 12:11:31',6,0),(174,'10.0.10.120','admin','2013-12-19 12:11:31',6,0),(175,'10.0.10.121','admin','2013-12-19 12:11:31',6,0),(176,'10.0.10.122','admin','2013-12-19 12:11:31',6,0),(177,'10.0.10.123','admin','2013-12-19 12:11:31',6,0),(178,'10.0.10.124','admin','2013-12-19 12:11:31',6,0),(179,'10.0.10.125','admin','2013-12-19 12:11:31',6,0),(180,'10.0.10.126','admin','2013-12-19 12:11:31',6,0),(181,'10.0.10.129','admin','2013-12-19 12:11:45',7,0),(182,'10.0.10.130','admin','2013-12-19 12:11:45',7,0),(183,'10.0.10.131','admin','2013-12-19 12:11:45',7,0),(184,'10.0.10.132','admin','2013-12-19 12:11:45',7,0),(185,'10.0.10.133','admin','2013-12-19 12:11:45',7,0),(186,'10.0.10.134','admin','2013-12-19 12:11:45',7,0),(187,'10.0.10.135','admin','2013-12-19 12:11:45',7,0),(188,'10.0.10.136','admin','2013-12-19 12:11:45',7,0),(189,'10.0.10.137','admin','2013-12-19 12:11:45',7,0),(190,'10.0.10.138','admin','2013-12-19 12:11:45',7,0),(191,'10.0.10.139','admin','2013-12-19 12:11:45',7,0),(192,'10.0.10.140','admin','2013-12-19 12:11:45',7,0),(193,'10.0.10.141','admin','2013-12-19 12:11:45',7,0),(194,'10.0.10.142','admin','2013-12-19 12:11:45',7,0),(195,'10.0.10.143','admin','2013-12-19 12:11:45',7,0),(196,'10.0.10.144','admin','2013-12-19 12:11:45',7,0),(197,'10.0.10.145','admin','2013-12-19 12:11:45',7,0),(198,'10.0.10.146','admin','2013-12-19 12:11:45',7,0),(199,'10.0.10.147','admin','2013-12-19 12:11:45',7,0),(200,'10.0.10.148','admin','2013-12-19 12:11:45',7,0),(201,'10.0.10.149','admin','2013-12-19 12:11:45',7,0),(202,'10.0.10.150','admin','2013-12-19 12:11:45',7,0),(203,'10.0.10.151','admin','2013-12-19 12:11:45',7,0),(204,'10.0.10.152','admin','2013-12-19 12:11:45',7,0),(205,'10.0.10.153','admin','2013-12-19 12:11:45',7,0),(206,'10.0.10.154','admin','2013-12-19 12:11:45',7,0),(207,'10.0.10.155','admin','2013-12-19 12:11:45',7,0),(208,'10.0.10.156','admin','2013-12-19 12:11:45',7,0),(209,'10.0.10.157','admin','2013-12-19 12:11:45',7,0),(210,'10.0.10.158','admin','2013-12-19 12:11:45',7,0),(211,'10.0.10.161','admin','2013-12-19 12:12:00',8,0),(212,'10.0.10.162','admin','2013-12-19 12:12:00',8,0),(213,'10.0.10.163','admin','2013-12-19 12:12:00',8,0),(214,'10.0.10.164','admin','2013-12-19 12:12:00',8,0),(215,'10.0.10.165','admin','2013-12-19 12:12:00',8,0),(216,'10.0.10.166','admin','2013-12-19 12:12:00',8,0),(217,'10.0.10.167','admin','2013-12-19 12:12:00',8,0),(218,'10.0.10.168','admin','2013-12-19 12:12:00',8,0),(219,'10.0.10.169','admin','2013-12-19 12:12:00',8,0),(220,'10.0.10.170','admin','2013-12-19 12:12:00',8,0),(221,'10.0.10.171','admin','2013-12-19 12:12:00',8,0),(222,'10.0.10.172','admin','2013-12-19 12:12:00',8,0),(223,'10.0.10.173','admin','2013-12-19 12:12:00',8,0),(224,'10.0.10.174','admin','2013-12-19 12:12:00',8,0),(225,'10.0.10.175','admin','2013-12-19 12:12:00',8,0),(226,'10.0.10.176','admin','2013-12-19 12:12:00',8,0),(227,'10.0.10.177','admin','2013-12-19 12:12:00',8,0),(228,'10.0.10.178','admin','2013-12-19 12:12:00',8,0),(229,'10.0.10.179','admin','2013-12-19 12:12:00',8,0),(230,'10.0.10.180','admin','2013-12-19 12:12:00',8,0),(231,'10.0.10.181','admin','2013-12-19 12:12:00',8,0),(232,'10.0.10.182','admin','2013-12-19 12:12:00',8,0),(233,'10.0.10.183','admin','2013-12-19 12:12:00',8,0),(234,'10.0.10.184','admin','2013-12-19 12:12:00',8,0),(235,'10.0.10.185','admin','2013-12-19 12:12:00',8,0),(236,'10.0.10.186','admin','2013-12-19 12:12:00',8,0),(237,'10.0.10.187','admin','2013-12-19 12:12:00',8,0),(238,'10.0.10.188','admin','2013-12-19 12:12:00',8,0),(239,'10.0.10.189','admin','2013-12-19 12:12:00',8,0),(240,'10.0.10.190','admin','2013-12-19 12:12:00',8,0),(241,'10.0.10.193','admin','2013-12-19 12:12:42',9,0),(242,'10.0.10.194','admin','2013-12-19 12:12:42',9,0),(243,'10.0.10.195','admin','2013-12-19 12:12:42',9,0),(244,'10.0.10.196','admin','2013-12-19 12:12:42',9,0),(245,'10.0.10.197','admin','2013-12-19 12:12:42',9,0),(246,'10.0.10.198','admin','2013-12-19 12:12:42',9,0),(247,'10.0.10.199','admin','2013-12-19 12:12:42',9,0),(248,'10.0.10.200','admin','2013-12-19 12:12:42',9,0),(249,'10.0.10.201','admin','2013-12-19 12:12:42',9,0),(250,'10.0.10.202','admin','2013-12-19 12:12:42',9,0),(251,'10.0.10.203','admin','2013-12-19 12:12:42',9,0),(252,'10.0.10.204','admin','2013-12-19 12:12:42',9,0),(253,'10.0.10.205','admin','2013-12-19 12:12:42',9,0),(254,'10.0.10.206','admin','2013-12-19 12:12:42',9,0),(255,'10.0.10.207','admin','2013-12-19 12:12:42',9,0),(256,'10.0.10.208','admin','2013-12-19 12:12:42',9,0),(257,'10.0.10.209','admin','2013-12-19 12:12:42',9,0),(258,'10.0.10.210','admin','2013-12-19 12:12:42',9,0),(259,'10.0.10.211','admin','2013-12-19 12:12:42',9,0),(260,'10.0.10.212','admin','2013-12-19 12:12:42',9,0),(261,'10.0.10.213','admin','2013-12-19 12:12:42',9,0),(262,'10.0.10.214','admin','2013-12-19 12:12:42',9,0),(263,'10.0.10.215','admin','2013-12-19 12:12:42',9,0),(264,'10.0.10.216','admin','2013-12-19 12:12:42',9,0),(265,'10.0.10.217','admin','2013-12-19 12:12:42',9,0),(266,'10.0.10.218','admin','2013-12-19 12:12:42',9,0),(267,'10.0.10.219','admin','2013-12-19 12:12:42',9,0),(268,'10.0.10.220','admin','2013-12-19 12:12:42',9,0),(269,'10.0.10.221','admin','2013-12-19 12:12:42',9,0),(270,'10.0.10.222','admin','2013-12-19 12:12:42',9,0),(271,'10.0.10.225','admin','2013-12-19 12:12:54',10,0),(272,'10.0.10.226','admin','2013-12-19 12:12:54',10,0),(273,'10.0.10.227','admin','2013-12-19 12:12:54',10,0),(274,'10.0.10.228','admin','2013-12-19 12:12:54',10,0),(275,'10.0.10.229','admin','2013-12-19 12:12:54',10,0),(276,'10.0.10.230','admin','2013-12-19 12:12:54',10,0),(277,'10.0.10.231','admin','2013-12-19 12:12:54',10,0),(278,'10.0.10.232','admin','2013-12-19 12:12:54',10,0),(279,'10.0.10.233','admin','2013-12-19 12:12:54',10,0),(280,'10.0.10.234','admin','2013-12-19 12:12:54',10,0),(281,'10.0.10.235','admin','2013-12-19 12:12:54',10,0),(282,'10.0.10.236','admin','2013-12-19 12:12:54',10,0),(283,'10.0.10.237','admin','2013-12-19 12:12:54',10,0),(284,'10.0.10.238','admin','2013-12-19 12:12:54',10,0),(285,'10.0.10.239','admin','2013-12-19 12:12:54',10,0),(286,'10.0.10.240','admin','2013-12-19 12:12:54',10,0),(287,'10.0.10.241','admin','2013-12-19 12:12:54',10,0),(288,'10.0.10.242','admin','2013-12-19 12:12:54',10,0),(289,'10.0.10.243','admin','2013-12-19 12:12:54',10,0),(290,'10.0.10.244','admin','2013-12-19 12:12:54',10,0),(291,'10.0.10.245','admin','2013-12-19 12:12:54',10,0),(292,'10.0.10.246','admin','2013-12-19 12:12:54',10,0),(293,'10.0.10.247','admin','2013-12-19 12:12:54',10,0),(294,'10.0.10.248','admin','2013-12-19 12:12:54',10,0),(295,'10.0.10.249','admin','2013-12-19 12:12:54',10,0),(296,'10.0.10.250','admin','2013-12-19 12:12:54',10,0),(297,'10.0.10.251','admin','2013-12-19 12:12:54',10,0),(298,'10.0.10.252','admin','2013-12-19 12:12:54',10,0),(299,'10.0.10.253','admin','2013-12-19 12:12:54',10,0),(300,'10.0.10.254','admin','2013-12-19 12:12:54',10,0),(301,'172.16.10.1','admin','2013-12-19 12:15:42',11,0),(302,'172.16.10.2','admin','2013-12-19 12:15:42',11,0),(303,'172.16.10.3','admin','2013-12-19 12:15:42',11,0),(304,'172.16.10.4','admin','2013-12-19 12:15:42',11,0),(305,'172.16.10.5','admin','2013-12-19 12:15:42',11,0),(306,'172.16.10.6','admin','2013-12-19 12:15:42',11,0),(307,'172.16.10.7','admin','2013-12-19 12:15:42',11,0),(308,'172.16.10.8','admin','2013-12-19 12:15:42',11,0),(309,'172.16.10.9','admin','2013-12-19 12:15:42',11,0),(310,'172.16.10.10','admin','2013-12-19 12:15:42',11,0),(311,'172.16.10.11','admin','2013-12-19 12:15:42',11,0),(312,'172.16.10.12','admin','2013-12-19 12:15:42',11,0),(313,'172.16.10.13','admin','2013-12-19 12:15:42',11,0),(314,'172.16.10.14','admin','2013-12-19 12:15:42',11,0),(315,'172.16.10.15','admin','2013-12-19 12:15:42',11,0),(316,'172.16.10.16','admin','2013-12-19 12:15:42',11,0),(317,'172.16.10.17','admin','2013-12-19 12:15:42',11,0),(318,'172.16.10.18','admin','2013-12-19 12:15:42',11,0),(319,'172.16.10.19','admin','2013-12-19 12:15:42',11,0),(320,'172.16.10.20','admin','2013-12-19 12:15:42',11,0),(321,'172.16.10.21','admin','2013-12-19 12:15:42',11,0),(322,'172.16.10.22','admin','2013-12-19 12:15:42',11,0),(323,'172.16.10.23','admin','2013-12-19 12:15:42',11,0),(324,'172.16.10.24','admin','2013-12-19 12:15:42',11,0),(325,'172.16.10.25','admin','2013-12-19 12:15:42',11,0),(326,'172.16.10.26','admin','2013-12-19 12:15:42',11,0),(327,'172.16.10.27','admin','2013-12-19 12:15:42',11,0),(328,'172.16.10.28','admin','2013-12-19 12:15:42',11,0),(329,'172.16.10.29','admin','2013-12-19 12:15:42',11,0),(330,'172.16.10.30','admin','2013-12-19 12:15:42',11,0),(331,'172.16.10.33','admin','2013-12-19 12:16:06',12,0),(332,'172.16.10.34','admin','2013-12-19 12:16:06',12,0),(333,'172.16.10.35','admin','2013-12-19 12:16:06',12,0),(334,'172.16.10.36','admin','2013-12-19 12:16:06',12,0),(335,'172.16.10.37','admin','2013-12-19 12:16:06',12,0),(336,'172.16.10.38','admin','2013-12-19 12:16:06',12,0),(337,'172.16.10.39','admin','2013-12-19 12:16:06',12,0),(338,'172.16.10.40','admin','2013-12-19 12:16:06',12,0),(339,'172.16.10.41','admin','2013-12-19 12:16:06',12,0),(340,'172.16.10.42','admin','2013-12-19 12:16:06',12,0),(341,'172.16.10.43','admin','2013-12-19 12:16:06',12,0),(342,'172.16.10.44','admin','2013-12-19 12:16:06',12,0),(343,'172.16.10.45','admin','2013-12-19 12:16:06',12,0),(344,'172.16.10.46','admin','2013-12-19 12:16:06',12,0),(345,'172.16.10.47','admin','2013-12-19 12:16:06',12,0),(346,'172.16.10.48','admin','2013-12-19 12:16:06',12,0),(347,'172.16.10.49','admin','2013-12-19 12:16:06',12,0),(348,'172.16.10.50','admin','2013-12-19 12:16:06',12,0),(349,'172.16.10.51','admin','2013-12-19 12:16:06',12,0),(350,'172.16.10.52','admin','2013-12-19 12:16:06',12,0),(351,'172.16.10.53','admin','2013-12-19 12:16:06',12,0),(352,'172.16.10.54','admin','2013-12-19 12:16:06',12,0),(353,'172.16.10.55','admin','2013-12-19 12:16:06',12,0),(354,'172.16.10.56','admin','2013-12-19 12:16:06',12,0),(355,'172.16.10.57','admin','2013-12-19 12:16:06',12,0),(356,'172.16.10.58','admin','2013-12-19 12:16:06',12,0),(357,'172.16.10.59','admin','2013-12-19 12:16:06',12,0),(358,'172.16.10.60','admin','2013-12-19 12:16:06',12,0),(359,'172.16.10.61','admin','2013-12-19 12:16:06',12,0),(360,'172.16.10.62','admin','2013-12-19 12:16:06',12,0),(361,'172.16.10.65','admin','2013-12-19 12:16:14',13,0),(362,'172.16.10.66','admin','2013-12-19 12:16:14',13,0),(363,'172.16.10.67','admin','2013-12-19 12:16:14',13,0),(364,'172.16.10.68','admin','2013-12-19 12:16:14',13,0),(365,'172.16.10.69','admin','2013-12-19 12:16:14',13,0),(366,'172.16.10.70','admin','2013-12-19 12:16:14',13,0),(367,'172.16.10.71','admin','2013-12-19 12:16:14',13,0),(368,'172.16.10.72','admin','2013-12-19 12:16:14',13,0),(369,'172.16.10.73','admin','2013-12-19 12:16:14',13,0),(370,'172.16.10.74','admin','2013-12-19 12:16:14',13,0),(371,'172.16.10.75','admin','2013-12-19 12:16:14',13,0),(372,'172.16.10.76','admin','2013-12-19 12:16:14',13,0),(373,'172.16.10.77','admin','2013-12-19 12:16:14',13,0),(374,'172.16.10.78','admin','2013-12-19 12:16:14',13,0),(375,'172.16.10.79','admin','2013-12-19 12:16:14',13,0),(376,'172.16.10.80','admin','2013-12-19 12:16:14',13,0),(377,'172.16.10.81','admin','2013-12-19 12:16:14',13,0),(378,'172.16.10.82','admin','2013-12-19 12:16:14',13,0),(379,'172.16.10.83','admin','2013-12-19 12:16:14',13,0),(380,'172.16.10.84','admin','2013-12-19 12:16:14',13,0),(381,'172.16.10.85','admin','2013-12-19 12:16:14',13,0),(382,'172.16.10.86','admin','2013-12-19 12:16:14',13,0),(383,'172.16.10.87','admin','2013-12-19 12:16:14',13,0),(384,'172.16.10.88','admin','2013-12-19 12:16:14',13,0),(385,'172.16.10.89','admin','2013-12-19 12:16:14',13,0),(386,'172.16.10.90','admin','2013-12-19 12:16:14',13,0),(387,'172.16.10.91','admin','2013-12-19 12:16:14',13,0),(388,'172.16.10.92','admin','2013-12-19 12:16:14',13,0),(389,'172.16.10.93','admin','2013-12-19 12:16:14',13,0),(390,'172.16.10.94','admin','2013-12-19 12:16:14',13,0),(391,'172.16.10.97','admin','2013-12-19 12:16:24',14,0),(392,'172.16.10.98','admin','2013-12-19 12:16:24',14,0),(393,'172.16.10.99','admin','2013-12-19 12:16:24',14,0),(394,'172.16.10.100','admin','2013-12-19 12:16:24',14,0),(395,'172.16.10.101','admin','2013-12-19 12:16:24',14,0),(396,'172.16.10.102','admin','2013-12-19 12:16:24',14,0),(397,'172.16.10.103','admin','2013-12-19 12:16:24',14,0),(398,'172.16.10.104','admin','2013-12-19 12:16:24',14,0),(399,'172.16.10.105','admin','2013-12-19 12:16:24',14,0),(400,'172.16.10.106','admin','2013-12-19 12:16:24',14,0),(401,'172.16.10.107','admin','2013-12-19 12:16:24',14,0),(402,'172.16.10.108','admin','2013-12-19 12:16:24',14,0),(403,'172.16.10.109','admin','2013-12-19 12:16:24',14,0),(404,'172.16.10.110','admin','2013-12-19 12:16:24',14,0),(405,'172.16.10.111','admin','2013-12-19 12:16:24',14,0),(406,'172.16.10.112','admin','2013-12-19 12:16:24',14,0),(407,'172.16.10.113','admin','2013-12-19 12:16:24',14,0),(408,'172.16.10.114','admin','2013-12-19 12:16:24',14,0),(409,'172.16.10.115','admin','2013-12-19 12:16:24',14,0),(410,'172.16.10.116','admin','2013-12-19 12:16:24',14,0),(411,'172.16.10.117','admin','2013-12-19 12:16:24',14,0),(412,'172.16.10.118','admin','2013-12-19 12:16:24',14,0),(413,'172.16.10.119','admin','2013-12-19 12:16:24',14,0),(414,'172.16.10.120','admin','2013-12-19 12:16:24',14,0),(415,'172.16.10.121','admin','2013-12-19 12:16:24',14,0),(416,'172.16.10.122','admin','2013-12-19 12:16:24',14,0),(417,'172.16.10.123','admin','2013-12-19 12:16:24',14,0),(418,'172.16.10.124','admin','2013-12-19 12:16:24',14,0),(419,'172.16.10.125','admin','2013-12-19 12:16:24',14,0),(420,'172.16.10.126','admin','2013-12-19 12:16:24',14,0),(421,'172.16.10.129','admin','2013-12-19 12:16:36',15,0),(422,'172.16.10.130','admin','2013-12-19 12:16:36',15,0),(423,'172.16.10.131','admin','2013-12-19 12:16:36',15,0),(424,'172.16.10.132','admin','2013-12-19 12:16:36',15,0),(425,'172.16.10.133','admin','2013-12-19 12:16:36',15,0),(426,'172.16.10.134','admin','2013-12-19 12:16:36',15,0),(427,'172.16.10.135','admin','2013-12-19 12:16:36',15,0),(428,'172.16.10.136','admin','2013-12-19 12:16:36',15,0),(429,'172.16.10.137','admin','2013-12-19 12:16:36',15,0),(430,'172.16.10.138','admin','2013-12-19 12:16:36',15,0),(431,'172.16.10.139','admin','2013-12-19 12:16:36',15,0),(432,'172.16.10.140','admin','2013-12-19 12:16:36',15,0),(433,'172.16.10.141','admin','2013-12-19 12:16:36',15,0),(434,'172.16.10.142','admin','2013-12-19 12:16:36',15,0),(435,'172.16.10.143','admin','2013-12-19 12:16:36',15,0),(436,'172.16.10.144','admin','2013-12-19 12:16:36',15,0),(437,'172.16.10.145','admin','2013-12-19 12:16:36',15,0),(438,'172.16.10.146','admin','2013-12-19 12:16:36',15,0),(439,'172.16.10.147','admin','2013-12-19 12:16:36',15,0),(440,'172.16.10.148','admin','2013-12-19 12:16:36',15,0),(441,'172.16.10.149','admin','2013-12-19 12:16:36',15,0),(442,'172.16.10.150','admin','2013-12-19 12:16:36',15,0),(443,'172.16.10.151','admin','2013-12-19 12:16:36',15,0),(444,'172.16.10.152','admin','2013-12-19 12:16:36',15,0),(445,'172.16.10.153','admin','2013-12-19 12:16:36',15,0),(446,'172.16.10.154','admin','2013-12-19 12:16:36',15,0),(447,'172.16.10.155','admin','2013-12-19 12:16:36',15,0),(448,'172.16.10.156','admin','2013-12-19 12:16:36',15,0),(449,'172.16.10.157','admin','2013-12-19 12:16:36',15,0),(450,'172.16.10.158','admin','2013-12-19 12:16:36',15,0),(451,'172.16.10.161','admin','2013-12-19 12:16:43',16,0),(452,'172.16.10.162','admin','2013-12-19 12:16:43',16,0),(453,'172.16.10.163','admin','2013-12-19 12:16:43',16,0),(454,'172.16.10.164','admin','2013-12-19 12:16:43',16,0),(455,'172.16.10.165','admin','2013-12-19 12:16:43',16,0),(456,'172.16.10.166','admin','2013-12-19 12:16:43',16,0),(457,'172.16.10.167','admin','2013-12-19 12:16:43',16,0),(458,'172.16.10.168','admin','2013-12-19 12:16:43',16,0),(459,'172.16.10.169','admin','2013-12-19 12:16:43',16,0),(460,'172.16.10.170','admin','2013-12-19 12:16:43',16,0),(461,'172.16.10.171','admin','2013-12-19 12:16:43',16,0),(462,'172.16.10.172','admin','2013-12-19 12:16:43',16,0),(463,'172.16.10.173','admin','2013-12-19 12:16:43',16,0),(464,'172.16.10.174','admin','2013-12-19 12:16:43',16,0),(465,'172.16.10.175','admin','2013-12-19 12:16:43',16,0),(466,'172.16.10.176','admin','2013-12-19 12:16:43',16,0),(467,'172.16.10.177','admin','2013-12-19 12:16:43',16,0),(468,'172.16.10.178','admin','2013-12-19 12:16:43',16,0),(469,'172.16.10.179','admin','2013-12-19 12:16:43',16,0),(470,'172.16.10.180','admin','2013-12-19 12:16:43',16,0),(471,'172.16.10.181','admin','2013-12-19 12:16:43',16,0),(472,'172.16.10.182','admin','2013-12-19 12:16:43',16,0),(473,'172.16.10.183','admin','2013-12-19 12:16:43',16,0),(474,'172.16.10.184','admin','2013-12-19 12:16:43',16,0),(475,'172.16.10.185','admin','2013-12-19 12:16:43',16,0),(476,'172.16.10.186','admin','2013-12-19 12:16:43',16,0),(477,'172.16.10.187','admin','2013-12-19 12:16:43',16,0),(478,'172.16.10.188','admin','2013-12-19 12:16:43',16,0),(479,'172.16.10.189','admin','2013-12-19 12:16:43',16,0),(480,'172.16.10.190','admin','2013-12-19 12:16:43',16,0),(481,'172.16.10.193','admin','2013-12-19 12:16:56',17,0),(482,'172.16.10.194','admin','2013-12-19 12:16:56',17,0),(483,'172.16.10.195','admin','2013-12-19 12:16:56',17,0),(484,'172.16.10.196','admin','2013-12-19 12:16:56',17,0),(485,'172.16.10.197','admin','2013-12-19 12:16:56',17,0),(486,'172.16.10.198','admin','2013-12-19 12:16:56',17,0),(487,'172.16.10.199','admin','2013-12-19 12:16:56',17,0),(488,'172.16.10.200','admin','2013-12-19 12:16:56',17,0),(489,'172.16.10.201','admin','2013-12-19 12:16:56',17,0),(490,'172.16.10.202','admin','2013-12-19 12:16:56',17,0),(491,'172.16.10.203','admin','2013-12-19 12:16:56',17,0),(492,'172.16.10.204','admin','2013-12-19 12:16:56',17,0),(493,'172.16.10.205','admin','2013-12-19 12:16:56',17,0),(494,'172.16.10.206','admin','2013-12-19 12:16:56',17,0),(495,'172.16.10.207','admin','2013-12-19 12:16:56',17,0),(496,'172.16.10.208','admin','2013-12-19 12:16:56',17,0),(497,'172.16.10.209','admin','2013-12-19 12:16:56',17,0),(498,'172.16.10.210','admin','2013-12-19 12:16:56',17,0),(499,'172.16.10.211','admin','2013-12-19 12:16:56',17,0),(500,'172.16.10.212','admin','2013-12-19 12:16:56',17,0),(501,'172.16.10.213','admin','2013-12-19 12:16:56',17,0),(502,'172.16.10.214','admin','2013-12-19 12:16:56',17,0),(503,'172.16.10.215','admin','2013-12-19 12:16:56',17,0),(504,'172.16.10.216','admin','2013-12-19 12:16:56',17,0),(505,'172.16.10.217','admin','2013-12-19 12:16:56',17,0),(506,'172.16.10.218','admin','2013-12-19 12:16:56',17,0),(507,'172.16.10.219','admin','2013-12-19 12:16:56',17,0),(508,'172.16.10.220','admin','2013-12-19 12:16:56',17,0),(509,'172.16.10.221','admin','2013-12-19 12:16:56',17,0),(510,'172.16.10.222','admin','2013-12-19 12:16:56',17,0),(511,'172.16.10.225','admin','2013-12-19 12:17:03',18,0),(512,'172.16.10.226','admin','2013-12-19 12:17:03',18,0),(513,'172.16.10.227','admin','2013-12-19 12:17:03',18,0),(514,'172.16.10.228','admin','2013-12-19 12:17:03',18,0),(515,'172.16.10.229','admin','2013-12-19 12:17:03',18,0),(516,'172.16.10.230','admin','2013-12-19 12:17:03',18,0),(517,'172.16.10.231','admin','2013-12-19 12:17:03',18,0),(518,'172.16.10.232','admin','2013-12-19 12:17:03',18,0),(519,'172.16.10.233','admin','2013-12-19 12:17:03',18,0),(520,'172.16.10.234','admin','2013-12-19 12:17:03',18,0),(521,'172.16.10.235','admin','2013-12-19 12:17:03',18,0),(522,'172.16.10.236','admin','2013-12-19 12:17:03',18,0),(523,'172.16.10.237','admin','2013-12-19 12:17:03',18,0),(524,'172.16.10.238','admin','2013-12-19 12:17:03',18,0),(525,'172.16.10.239','admin','2013-12-19 12:17:03',18,0),(526,'172.16.10.240','admin','2013-12-19 12:17:03',18,0),(527,'172.16.10.241','admin','2013-12-19 12:17:03',18,0),(528,'172.16.10.242','admin','2013-12-19 12:17:03',18,0),(529,'172.16.10.243','admin','2013-12-19 12:17:03',18,0),(530,'172.16.10.244','admin','2013-12-19 12:17:03',18,0),(531,'172.16.10.245','admin','2013-12-19 12:17:03',18,0),(532,'172.16.10.246','admin','2013-12-19 12:17:03',18,0),(533,'172.16.10.247','admin','2013-12-19 12:17:03',18,0),(534,'172.16.10.248','admin','2013-12-19 12:17:03',18,0),(535,'172.16.10.249','admin','2013-12-19 12:17:03',18,0),(536,'172.16.10.250','admin','2013-12-19 12:17:03',18,0),(537,'172.16.10.251','admin','2013-12-19 12:17:03',18,0),(538,'172.16.10.252','admin','2013-12-19 12:17:03',18,0),(539,'172.16.10.253','admin','2013-12-19 12:17:03',18,0),(540,'172.16.10.254','admin','2013-12-19 12:17:03',18,0);
/*!40000 ALTER TABLE `ip` ENABLE KEYS */;
UNLOCK TABLES;

--
-- Table structure for table `location`
--

DROP TABLE IF EXISTS `location`;
/*!40101 SET @saved_cs_client     = @@character_set_client */;
/*!40101 SET character_set_client = utf8 */;
CREATE TABLE `location` (
  `id` int(11) NOT NULL AUTO_INCREMENT,
  `short_name` varchar(20) DEFAULT NULL,
  `code_name` varchar(20) DEFAULT NULL,
  `ct_bandwidth` int(11) DEFAULT NULL,
  `cu_bandwidth` int(11) DEFAULT NULL,
  `other_bandwidth` int(11) DEFAULT NULL,
  `notes` varchar(200) DEFAULT NULL,
  `update_user` varchar(20) DEFAULT NULL,
  `update_time` datetime DEFAULT NULL,
  `manufacture_id` int(11) DEFAULT NULL,
  PRIMARY KEY (`id`),
  UNIQUE KEY `ix_location_short_name` (`short_name`),
  KEY `ix_location_id` (`id`),
  KEY `ix_location_code_name` (`code_name`)
) ENGINE=InnoDB AUTO_INCREMENT=4 DEFAULT CHARSET=utf8;
/*!40101 SET character_set_client = @saved_cs_client */;

--
-- Dumping data for table `location`
--

LOCK TABLES `location` WRITE;
/*!40000 ALTER TABLE `location` DISABLE KEYS */;
INSERT INTO `location` VALUES (1,'无锡新区','wxxq',1000,500,0,'','admin','2013-12-19 11:59:13',6),(2,'无锡国脉','wxgm',100,0,0,'','admin','2013-12-19 11:59:31',6),(3,'北京中关村','bjzgc',0,0,200,'双线机房','admin','2013-12-19 12:02:18',7);
/*!40000 ALTER TABLE `location` ENABLE KEYS */;
UNLOCK TABLES;

--
-- Table structure for table `manufacture`
--

DROP TABLE IF EXISTS `manufacture`;
/*!40101 SET @saved_cs_client     = @@character_set_client */;
/*!40101 SET character_set_client = utf8 */;
CREATE TABLE `manufacture` (
  `id` int(11) NOT NULL AUTO_INCREMENT,
  `short_name` varchar(20) NOT NULL,
  `full_name` varchar(50) NOT NULL,
  `sites` varchar(50) DEFAULT NULL,
  `producer` tinyint(1) DEFAULT NULL,
  `software` tinyint(1) DEFAULT NULL,
  `supplier` tinyint(1) DEFAULT NULL,
  `notes` text,
  `update_user` varchar(20) DEFAULT NULL,
  `update_time` datetime DEFAULT NULL,
  PRIMARY KEY (`id`),
  UNIQUE KEY `full_name` (`full_name`),
  UNIQUE KEY `ix_manufacture_short_name` (`short_name`),
  KEY `ix_manufacture_id` (`id`)
) ENGINE=InnoDB AUTO_INCREMENT=7 DEFAULT CHARSET=utf8;
/*!40101 SET character_set_client = @saved_cs_client */;

--
-- Dumping data for table `manufacture`
--

LOCK TABLES `manufacture` WRITE;
/*!40000 ALTER TABLE `manufacture` DISABLE KEYS */;
INSERT INTO `manufacture` VALUES (1,'DELL','戴尔(中国)计算机有限公司','http://www.dell.com.cn',1,0,1,'详细','admin','2013-12-30 16:41:43'),(2,'IBM','国际商用(中国)计算机有限公司','http://www.ibm.com.cn',1,0,1,'详细','admin','2013-12-30 16:41:43'),(3,'infortrend','普安科技有限公司','http://www.infortrend.com/tw',1,0,0,'详细','admin','2013-12-30 16:41:43'),(4,'promise','乔鼎资讯股份有限公司','http://www.promise.com',1,0,0,'详细','admin','2013-12-30 16:41:43'),(5,'Supermicro','超微计算机有限公司','http://www.supermicro.com.tw',1,0,0,'详细','admin','2013-12-30 16:41:43'),(6,'无锡电信','中国电信无锡电信分公司','http://js.189.cn/bussiness/page/new/index.html',0,0,1,'详细','admin','2013-12-30 16:41:43');
/*!40000 ALTER TABLE `manufacture` ENABLE KEYS */;
UNLOCK TABLES;

--
-- Table structure for table `permission`
--

DROP TABLE IF EXISTS `permission`;
/*!40101 SET @saved_cs_client     = @@character_set_client */;
/*!40101 SET character_set_client = utf8 */;
CREATE TABLE `permission` (
  `id` int(11) NOT NULL AUTO_INCREMENT,
  `list_action` tinyint(1) DEFAULT NULL,
  `detail_action` tinyint(1) DEFAULT NULL,
  `update_action` tinyint(1) DEFAULT NULL,
  `delete_action` tinyint(1) DEFAULT NULL,
  `update_user` varchar(20) DEFAULT NULL,
  `update_time` datetime DEFAULT NULL,
  `team_id` int(11) DEFAULT NULL,
  `resource_id` int(11) DEFAULT NULL,
  PRIMARY KEY (`id`),
  KEY `ix_permission_id` (`id`)
) ENGINE=InnoDB DEFAULT CHARSET=utf8;
/*!40101 SET character_set_client = @saved_cs_client */;

--
-- Dumping data for table `permission`
--

LOCK TABLES `permission` WRITE;
/*!40000 ALTER TABLE `permission` DISABLE KEYS */;
/*!40000 ALTER TABLE `permission` ENABLE KEYS */;
UNLOCK TABLES;

--
-- Table structure for table `rack`
--

DROP TABLE IF EXISTS `rack`;
/*!40101 SET @saved_cs_client     = @@character_set_client */;
/*!40101 SET character_set_client = utf8 */;
CREATE TABLE `rack` (
  `id` int(11) NOT NULL AUTO_INCREMENT,
  `name` varchar(20) DEFAULT NULL,
  `units` int(11) DEFAULT NULL,
  `capacity` int(11) DEFAULT NULL,
  `notes` varchar(200) DEFAULT NULL,
  `update_user` varchar(20) DEFAULT NULL,
  `update_time` datetime DEFAULT NULL,
  `location_id` int(11) DEFAULT NULL,
  `area_id` int(11) DEFAULT NULL,
  `vlan_id` varchar(200) DEFAULT NULL,
  PRIMARY KEY (`id`),
  KEY `ix_rack_id` (`id`),
  KEY `ix_rack_name` (`name`)
) ENGINE=InnoDB AUTO_INCREMENT=4 DEFAULT CHARSET=utf8;
/*!40101 SET character_set_client = @saved_cs_client */;

--
-- Dumping data for table `rack`
--

LOCK TABLES `rack` WRITE;
/*!40000 ALTER TABLE `rack` DISABLE KEYS */;
INSERT INTO `rack` VALUES (1,'b4',45,13,'','admin','2013-12-19 13:09:40',1,1,'1,9'),(2,'f3',45,13,'','admin','2013-12-19 13:09:53',1,2,'2,10'),(3,'k11',45,13,'','admin','2013-12-19 13:10:05',3,4,'8,16');
/*!40000 ALTER TABLE `rack` ENABLE KEYS */;
UNLOCK TABLES;

--
-- Table structure for table `resource`
--

DROP TABLE IF EXISTS `resource`;
/*!40101 SET @saved_cs_client     = @@character_set_client */;
/*!40101 SET character_set_client = utf8 */;
CREATE TABLE `resource` (
  `id` int(11) NOT NULL AUTO_INCREMENT,
  `name` varchar(20) NOT NULL,
  `code_name` varchar(20) NOT NULL,
  `url` varchar(200) DEFAULT NULL,
  `level_1_id` int(11) DEFAULT NULL,
  `level_2_id` int(11) DEFAULT NULL,
  `notes` varchar(200) DEFAULT NULL,
  `update_user` varchar(20) DEFAULT NULL,
  `update_time` datetime DEFAULT NULL,
  PRIMARY KEY (`id`),
  KEY `ix_menu_code_name` (`code_name`),
  KEY `ix_menu_id` (`id`),
  KEY `ix_menu_name` (`name`)
) ENGINE=InnoDB AUTO_INCREMENT=16 DEFAULT CHARSET=utf8;
/*!40101 SET character_set_client = @saved_cs_client */;

--
-- Dumping data for table `resource`
--

LOCK TABLES `resource` WRITE;
/*!40000 ALTER TABLE `resource` DISABLE KEYS */;
INSERT INTO `resource` VALUES (1,'首页','navbar-0','',0,0,'','admin','2013-12-26 16:16:07'),(2,'设备信息','navbar-1','',0,0,'','admin','2013-12-26 16:11:45'),(3,'工作流','navbar-2','',0,0,'','admin','2013-12-26 16:11:50'),(4,'监控','navbar-3','',0,0,'','admin','2013-12-26 16:11:55'),(5,'OS安装','navbar-4','',0,0,'','admin','2013-12-26 16:12:00'),(6,'应用部署','navbar-5','',0,0,'','admin','2013-12-26 16:12:06'),(7,'日志管理','navbar-6','',0,0,'','admin','2013-12-26 16:12:13'),(8,'配置管理','navbar-7','',0,0,'','admin','2013-12-26 16:12:20'),(9,'使用文档','navbar-99','',0,0,'','admin','2013-12-26 16:16:12'),(10,'服务器','navbar-1-1','',2,0,'','admin','2013-12-27 10:02:21'),(11,'网络设备','navbar-1-2','',2,0,'','admin','2013-12-27 10:02:32'),(12,'存储设备','navbar-1-3','',2,0,'','admin','2013-12-27 10:02:37'),(13,'采集设备','navbar-1-4','',2,0,'','admin','2013-12-27 10:02:43'),(14,'配件','navbar-1-5','',2,0,'','admin','2013-12-27 10:02:48'),(15,'设备模板','navbar-1-6','',2,0,'','admin','2013-12-27 10:03:17');
/*!40000 ALTER TABLE `resource` ENABLE KEYS */;
UNLOCK TABLES;

--
-- Table structure for table `subnet`
--

DROP TABLE IF EXISTS `subnet`;
/*!40101 SET @saved_cs_client     = @@character_set_client */;
/*!40101 SET character_set_client = utf8 */;
CREATE TABLE `subnet` (
  `id` int(11) NOT NULL AUTO_INCREMENT,
  `name` varchar(20) DEFAULT NULL,
  `net_type` tinyint(1) DEFAULT NULL,
  `gateway` varchar(20) DEFAULT NULL,
  `netmask` varchar(20) DEFAULT NULL,
  `network_addr` varchar(20) DEFAULT NULL,
  `begin_addr` varchar(20) DEFAULT NULL,
  `end_addr` varchar(20) DEFAULT NULL,
  `broadcast_addr` varchar(20) DEFAULT NULL,
  `valid_addr` int(11) DEFAULT NULL,
  `used_addr` int(11) DEFAULT NULL,
  `notes` varchar(200) DEFAULT NULL,
  `update_user` varchar(20) DEFAULT NULL,
  `update_time` datetime DEFAULT NULL,
  PRIMARY KEY (`id`),
  UNIQUE KEY `ix_subnet_name` (`name`),
  KEY `ix_subnet_id` (`id`)
) ENGINE=InnoDB AUTO_INCREMENT=19 DEFAULT CHARSET=utf8;
/*!40101 SET character_set_client = @saved_cs_client */;

--
-- Dumping data for table `subnet`
--

LOCK TABLES `subnet` WRITE;
/*!40000 ALTER TABLE `subnet` DISABLE KEYS */;
INSERT INTO `subnet` VALUES (1,'69.169.89.192/27',0,'69.169.89.193','255.255.255.224','69.169.89.192','69.169.89.193','69.169.89.222','69.169.89.223',30,0,NULL,'admin','2013-12-19 12:08:34'),(2,'58.215.39.11/27',0,'58.215.39.1','255.255.255.224','58.215.39.0','58.215.39.1','58.215.39.30','58.215.39.31',30,0,NULL,'admin','2013-12-19 12:08:44'),(3,'10.0.10.0/27',1,'10.0.10.1','255.255.255.224','10.0.10.0','10.0.10.1','10.0.10.30','10.0.10.31',30,0,NULL,'admin','2013-12-19 12:10:23'),(4,'10.0.10.32/27',1,'10.0.10.33','255.255.255.224','10.0.10.32','10.0.10.33','10.0.10.62','10.0.10.63',30,0,NULL,'admin','2013-12-19 12:10:37'),(5,'10.0.10.64/27',1,'10.0.10.65','255.255.255.224','10.0.10.64','10.0.10.65','10.0.10.94','10.0.10.95',30,0,NULL,'admin','2013-12-19 12:11:04'),(6,'10.0.10.96/27',1,'10.0.10.97','255.255.255.224','10.0.10.96','10.0.10.97','10.0.10.126','10.0.10.127',30,0,NULL,'admin','2013-12-19 12:11:31'),(7,'10.0.10.128/27',1,'10.0.10.129','255.255.255.224','10.0.10.128','10.0.10.129','10.0.10.158','10.0.10.159',30,0,NULL,'admin','2013-12-19 12:11:45'),(8,'10.0.10.160/27',1,'10.0.10.161','255.255.255.224','10.0.10.160','10.0.10.161','10.0.10.190','10.0.10.191',30,0,NULL,'admin','2013-12-19 12:12:00'),(9,'10.0.10.192/27',1,'10.0.10.193','255.255.255.224','10.0.10.192','10.0.10.193','10.0.10.222','10.0.10.223',30,0,NULL,'admin','2013-12-19 12:12:42'),(10,'10.0.10.224/27',1,'10.0.10.225','255.255.255.224','10.0.10.224','10.0.10.225','10.0.10.254','10.0.10.255',30,0,NULL,'admin','2013-12-19 12:12:54'),(11,'172.16.10.0/27',1,'172.16.10.1','255.255.255.224','172.16.10.0','172.16.10.1','172.16.10.30','172.16.10.31',30,0,NULL,'admin','2013-12-19 12:15:42'),(12,'172.16.10.32/27',1,'172.16.10.33','255.255.255.224','172.16.10.32','172.16.10.33','172.16.10.62','172.16.10.63',30,0,NULL,'admin','2013-12-19 12:16:06'),(13,'172.16.10.64/27',1,'172.16.10.65','255.255.255.224','172.16.10.64','172.16.10.65','172.16.10.94','172.16.10.95',30,0,NULL,'admin','2013-12-19 12:16:14'),(14,'172.16.10.96/27',1,'172.16.10.97','255.255.255.224','172.16.10.96','172.16.10.97','172.16.10.126','172.16.10.127',30,0,NULL,'admin','2013-12-19 12:16:24'),(15,'172.16.10.128/27',1,'172.16.10.129','255.255.255.224','172.16.10.128','172.16.10.129','172.16.10.158','172.16.10.159',30,0,NULL,'admin','2013-12-19 12:16:36'),(16,'172.16.10.160/27',1,'172.16.10.161','255.255.255.224','172.16.10.160','172.16.10.161','172.16.10.190','172.16.10.191',30,0,NULL,'admin','2013-12-19 12:16:43'),(17,'172.16.10.192/27',1,'172.16.10.193','255.255.255.224','172.16.10.192','172.16.10.193','172.16.10.222','172.16.10.223',30,0,NULL,'admin','2013-12-19 12:16:56'),(18,'172.16.10.224/27',1,'172.16.10.225','255.255.255.224','172.16.10.224','172.16.10.225','172.16.10.254','172.16.10.255',30,0,NULL,'admin','2013-12-19 12:17:03');
/*!40000 ALTER TABLE `subnet` ENABLE KEYS */;
UNLOCK TABLES;

--
-- Table structure for table `team`
--

DROP TABLE IF EXISTS `team`;
/*!40101 SET @saved_cs_client     = @@character_set_client */;
/*!40101 SET character_set_client = utf8 */;
CREATE TABLE `team` (
  `id` int(11) NOT NULL AUTO_INCREMENT,
  `name` varchar(20) DEFAULT NULL,
  `notes` varchar(200) DEFAULT NULL,
  `update_user` varchar(20) DEFAULT NULL,
  `update_time` datetime DEFAULT NULL,
  `leader_id` int(11) DEFAULT NULL,
  PRIMARY KEY (`id`),
  KEY `ix_team_id` (`id`),
  KEY `ix_team_name` (`name`)
) ENGINE=InnoDB AUTO_INCREMENT=2 DEFAULT CHARSET=utf8;
/*!40101 SET character_set_client = @saved_cs_client */;

--
-- Dumping data for table `team`
--

LOCK TABLES `team` WRITE;
/*!40000 ALTER TABLE `team` DISABLE KEYS */;
INSERT INTO `team` VALUES (1,'管理组',NULL,NULL,NULL,NULL);
/*!40000 ALTER TABLE `team` ENABLE KEYS */;
UNLOCK TABLES;

--
-- Table structure for table `unit`
--

DROP TABLE IF EXISTS `unit`;
/*!40101 SET @saved_cs_client     = @@character_set_client */;
/*!40101 SET character_set_client = utf8 */;
CREATE TABLE `unit` (
  `id` int(11) NOT NULL AUTO_INCREMENT,
  `name` varchar(20) DEFAULT NULL,
  `update_user` varchar(20) DEFAULT NULL,
  `update_time` datetime DEFAULT NULL,
  `left_dev_id` int(11) DEFAULT NULL,
  `right_dev_id` int(11) DEFAULT NULL,
  `all_dev_id` int(11) DEFAULT NULL,
  `rack_id` int(11) DEFAULT NULL,
  PRIMARY KEY (`id`),
  KEY `ix_unit_id` (`id`),
  KEY `ix_unit_name` (`name`)
) ENGINE=InnoDB AUTO_INCREMENT=136 DEFAULT CHARSET=utf8;
/*!40101 SET character_set_client = @saved_cs_client */;

--
-- Dumping data for table `unit`
--

LOCK TABLES `unit` WRITE;
/*!40000 ALTER TABLE `unit` DISABLE KEYS */;
INSERT INTO `unit` VALUES (1,'1','admin','2013-12-19 12:05:32',0,0,0,1),(2,'2','admin','2013-12-19 12:05:32',0,0,0,1),(3,'3','admin','2013-12-19 12:05:32',0,0,0,1),(4,'4','admin','2013-12-19 12:05:32',0,0,0,1),(5,'5','admin','2013-12-19 12:05:32',0,0,0,1),(6,'6','admin','2013-12-19 12:05:32',0,0,0,1),(7,'7','admin','2013-12-19 12:05:32',0,0,0,1),(8,'8','admin','2013-12-19 12:05:32',0,0,0,1),(9,'9','admin','2013-12-19 12:05:32',0,0,0,1),(10,'10','admin','2013-12-19 12:05:32',0,0,0,1),(11,'11','admin','2013-12-19 12:05:32',0,0,0,1),(12,'12','admin','2013-12-19 12:05:32',0,0,0,1),(13,'13','admin','2013-12-19 12:05:32',0,0,0,1),(14,'14','admin','2013-12-19 12:05:32',0,0,0,1),(15,'15','admin','2013-12-19 12:05:32',0,0,0,1),(16,'16','admin','2013-12-19 12:05:32',0,0,0,1),(17,'17','admin','2013-12-19 12:05:32',0,0,0,1),(18,'18','admin','2013-12-19 12:05:32',0,0,0,1),(19,'19','admin','2013-12-19 12:05:32',0,0,0,1),(20,'20','admin','2013-12-19 12:05:32',0,0,0,1),(21,'21','admin','2013-12-19 12:05:32',0,0,0,1),(22,'22','admin','2013-12-19 12:05:32',0,0,0,1),(23,'23','admin','2013-12-19 12:05:32',0,0,0,1),(24,'24','admin','2013-12-19 12:05:32',0,0,0,1),(25,'25','admin','2013-12-19 12:05:32',0,0,0,1),(26,'26','admin','2013-12-19 12:05:32',0,0,0,1),(27,'27','admin','2013-12-19 12:05:32',0,0,0,1),(28,'28','admin','2013-12-19 12:05:32',0,0,0,1),(29,'29','admin','2013-12-19 12:05:32',0,0,0,1),(30,'30','admin','2013-12-19 12:05:32',0,0,0,1),(31,'31','admin','2013-12-19 12:05:32',0,0,0,1),(32,'32','admin','2013-12-19 12:05:32',0,0,0,1),(33,'33','admin','2013-12-19 12:05:32',0,0,0,1),(34,'34','admin','2013-12-19 12:05:32',0,0,0,1),(35,'35','admin','2013-12-19 12:05:32',0,0,0,1),(36,'36','admin','2013-12-19 12:05:32',0,0,0,1),(37,'37','admin','2013-12-19 12:05:32',0,0,0,1),(38,'38','admin','2013-12-19 12:05:32',0,0,0,1),(39,'39','admin','2013-12-19 12:05:32',0,0,0,1),(40,'40','admin','2013-12-19 12:05:32',0,0,0,1),(41,'41','admin','2013-12-19 12:05:32',0,0,0,1),(42,'42','admin','2013-12-19 12:05:32',0,0,0,1),(43,'43','admin','2013-12-19 12:05:32',0,0,0,1),(44,'44','admin','2013-12-19 12:05:32',0,0,0,1),(45,'45','admin','2013-12-19 12:05:32',0,0,0,1),(46,'1','admin','2013-12-19 12:06:22',0,0,0,2),(47,'2','admin','2013-12-19 12:06:22',0,0,0,2),(48,'3','admin','2013-12-19 12:06:22',0,0,0,2),(49,'4','admin','2013-12-19 12:06:22',0,0,0,2),(50,'5','admin','2013-12-19 12:06:22',0,0,0,2),(51,'6','admin','2013-12-19 12:06:22',0,0,0,2),(52,'7','admin','2013-12-19 12:06:22',0,0,0,2),(53,'8','admin','2013-12-19 12:06:22',0,0,0,2),(54,'9','admin','2013-12-19 12:06:22',0,0,0,2),(55,'10','admin','2013-12-19 12:06:22',0,0,0,2),(56,'11','admin','2013-12-19 12:06:22',0,0,0,2),(57,'12','admin','2013-12-19 12:06:22',0,0,0,2),(58,'13','admin','2013-12-19 12:06:22',0,0,0,2),(59,'14','admin','2013-12-19 12:06:22',0,0,0,2),(60,'15','admin','2013-12-19 12:06:22',0,0,0,2),(61,'16','admin','2013-12-19 12:06:22',0,0,0,2),(62,'17','admin','2013-12-19 12:06:22',0,0,0,2),(63,'18','admin','2013-12-19 12:06:22',0,0,0,2),(64,'19','admin','2013-12-19 12:06:22',0,0,0,2),(65,'20','admin','2013-12-19 12:06:22',0,0,0,2),(66,'21','admin','2013-12-19 12:06:22',0,0,0,2),(67,'22','admin','2013-12-19 12:06:22',0,0,0,2),(68,'23','admin','2013-12-19 12:06:22',0,0,0,2),(69,'24','admin','2013-12-19 12:06:22',0,0,0,2),(70,'25','admin','2013-12-19 12:06:22',0,0,0,2),(71,'26','admin','2013-12-19 12:06:22',0,0,0,2),(72,'27','admin','2013-12-19 12:06:22',0,0,0,2),(73,'28','admin','2013-12-19 12:06:22',0,0,0,2),(74,'29','admin','2013-12-19 12:06:22',0,0,0,2),(75,'30','admin','2013-12-19 12:06:22',0,0,0,2),(76,'31','admin','2013-12-19 12:06:22',0,0,0,2),(77,'32','admin','2013-12-19 12:06:22',0,0,0,2),(78,'33','admin','2013-12-19 12:06:22',0,0,0,2),(79,'34','admin','2013-12-19 12:06:22',0,0,0,2),(80,'35','admin','2013-12-19 12:06:22',0,0,0,2),(81,'36','admin','2013-12-19 12:06:22',0,0,0,2),(82,'37','admin','2013-12-19 12:06:22',0,0,0,2),(83,'38','admin','2013-12-19 12:06:22',0,0,0,2),(84,'39','admin','2013-12-19 12:06:22',0,0,0,2),(85,'40','admin','2013-12-19 12:06:22',0,0,0,2),(86,'41','admin','2013-12-19 12:06:22',0,0,0,2),(87,'42','admin','2013-12-19 12:06:22',0,0,0,2),(88,'43','admin','2013-12-19 12:06:22',0,0,0,2),(89,'44','admin','2013-12-19 12:06:22',0,0,0,2),(90,'45','admin','2013-12-19 12:06:22',0,0,0,2),(91,'1','admin','2013-12-19 12:07:33',0,0,0,3),(92,'2','admin','2013-12-19 12:07:33',0,0,0,3),(93,'3','admin','2013-12-19 12:07:33',0,0,0,3),(94,'4','admin','2013-12-19 12:07:33',0,0,0,3),(95,'5','admin','2013-12-19 12:07:33',0,0,0,3),(96,'6','admin','2013-12-19 12:07:33',0,0,0,3),(97,'7','admin','2013-12-19 12:07:33',0,0,0,3),(98,'8','admin','2013-12-19 12:07:33',0,0,0,3),(99,'9','admin','2013-12-19 12:07:33',0,0,0,3),(100,'10','admin','2013-12-19 12:07:33',0,0,0,3),(101,'11','admin','2013-12-19 12:07:33',0,0,0,3),(102,'12','admin','2013-12-19 12:07:33',0,0,0,3),(103,'13','admin','2013-12-19 12:07:33',0,0,0,3),(104,'14','admin','2013-12-19 12:07:33',0,0,0,3),(105,'15','admin','2013-12-19 12:07:33',0,0,0,3),(106,'16','admin','2013-12-19 12:07:33',0,0,0,3),(107,'17','admin','2013-12-19 12:07:33',0,0,0,3),(108,'18','admin','2013-12-19 12:07:33',0,0,0,3),(109,'19','admin','2013-12-19 12:07:33',0,0,0,3),(110,'20','admin','2013-12-19 12:07:33',0,0,0,3),(111,'21','admin','2013-12-19 12:07:33',0,0,0,3),(112,'22','admin','2013-12-19 12:07:33',0,0,0,3),(113,'23','admin','2013-12-19 12:07:33',0,0,0,3),(114,'24','admin','2013-12-19 12:07:33',0,0,0,3),(115,'25','admin','2013-12-19 12:07:33',0,0,0,3),(116,'26','admin','2013-12-19 12:07:33',0,0,0,3),(117,'27','admin','2013-12-19 12:07:33',0,0,0,3),(118,'28','admin','2013-12-19 12:07:33',0,0,0,3),(119,'29','admin','2013-12-19 12:07:33',0,0,0,3),(120,'30','admin','2013-12-19 12:07:33',0,0,0,3),(121,'31','admin','2013-12-19 12:07:33',0,0,0,3),(122,'32','admin','2013-12-19 12:07:33',0,0,0,3),(123,'33','admin','2013-12-19 12:07:33',0,0,0,3),(124,'34','admin','2013-12-19 12:07:33',0,0,0,3),(125,'35','admin','2013-12-19 12:07:33',0,0,0,3),(126,'36','admin','2013-12-19 12:07:33',0,0,0,3),(127,'37','admin','2013-12-19 12:07:33',0,0,0,3),(128,'38','admin','2013-12-19 12:07:33',0,0,0,3),(129,'39','admin','2013-12-19 12:07:33',0,0,0,3),(130,'40','admin','2013-12-19 12:07:33',0,0,0,3),(131,'41','admin','2013-12-19 12:07:33',0,0,0,3),(132,'42','admin','2013-12-19 12:07:33',0,0,0,3),(133,'43','admin','2013-12-19 12:07:33',0,0,0,3),(134,'44','admin','2013-12-19 12:07:33',0,0,0,3),(135,'45','admin','2013-12-19 12:07:33',0,0,0,3);
/*!40000 ALTER TABLE `unit` ENABLE KEYS */;
UNLOCK TABLES;

--
-- Table structure for table `user`
--

DROP TABLE IF EXISTS `user`;
/*!40101 SET @saved_cs_client     = @@character_set_client */;
/*!40101 SET character_set_client = utf8 */;
CREATE TABLE `user` (
  `id` int(11) NOT NULL AUTO_INCREMENT,
  `name` varchar(20) NOT NULL,
  `code_name` varchar(20) NOT NULL,
  `_password` varchar(120) DEFAULT NULL,
  `mail` varchar(50) NOT NULL,
  `mobile` varchar(50) NOT NULL,
  `leader` tinyint(1) DEFAULT NULL,
  `notes` varchar(200) DEFAULT NULL,
  `update_user` varchar(20) DEFAULT NULL,
  `update_time` datetime DEFAULT NULL,
  `team_id` int(11) DEFAULT NULL,
  PRIMARY KEY (`id`),
  UNIQUE KEY `code_name` (`code_name`),
  UNIQUE KEY `mail` (`mail`),
  UNIQUE KEY `mobile` (`mobile`),
  UNIQUE KEY `ix_user_name` (`name`),
  KEY `ix_user_id` (`id`)
) ENGINE=InnoDB AUTO_INCREMENT=7 DEFAULT CHARSET=utf8;
/*!40101 SET character_set_client = @saved_cs_client */;

--
-- Dumping data for table `user`
--

LOCK TABLES `user` WRITE;
/*!40000 ALTER TABLE `user` DISABLE KEYS */;
INSERT INTO `user` VALUES (1,'系统管理员','admin','pbkdf2:sha1:1000$wSAYbZHM$d5117cb501820614b4ee3b58d3a1c7e0e8cdf0a7','admin@local','13900000000',0,NULL,'admin','2013-12-30 17:33:23',1),(2,'马可','mark','pbkdf2:sha1:1000$4dVZJYHe$e13fc4e2a9888cf316974051861b32fed892740c','mark@sina.com','13100000001',1,'','admin','2013-12-30 17:33:23',0),(3,'东城西城','east','pbkdf2:sha1:1000$eOPR53Mu$54a0c57f8c545187f3689af292ab28649dadfdae','east@sina.com','13100000002',0,'','admin','2013-12-30 17:58:56',0),(4,'天下太平','peace','pbkdf2:sha1:1000$mS9pwqWR$64abc8ee9032fd48f035b086df8511f558e86ffa','peace@sina.com','13100000003',0,'','admin','2013-12-30 17:58:56',0),(5,'黄飞虎','tiger','pbkdf2:sha1:1000$Sp6v92Qb$dd726dea7ad6cae3db38d18470f5a95a595b22f1','tiger@sina.com','13100000004',1,'','admin','2013-12-30 17:33:23',0),(6,'大西瓜','watermelon','pbkdf2:sha1:1000$ph25aYfX$84d79443b7d111684540f638926468bc7c344fb0','watermelon@sina.com','13100000005',0,'','admin','2013-12-30 17:33:23',0);
/*!40000 ALTER TABLE `user` ENABLE KEYS */;
UNLOCK TABLES;

--
-- Table structure for table `vlan`
--

DROP TABLE IF EXISTS `vlan`;
/*!40101 SET @saved_cs_client     = @@character_set_client */;
/*!40101 SET character_set_client = utf8 */;
CREATE TABLE `vlan` (
  `id` int(11) NOT NULL AUTO_INCREMENT,
  `name` varchar(20) NOT NULL,
  `notes` varchar(200) DEFAULT NULL,
  `update_user` varchar(20) DEFAULT NULL,
  `update_time` datetime DEFAULT NULL,
  `subnet_id` int(11) DEFAULT NULL,
  PRIMARY KEY (`id`),
  KEY `ix_vlan_id` (`id`),
  KEY `ix_vlan_name` (`name`)
) ENGINE=InnoDB AUTO_INCREMENT=17 DEFAULT CHARSET=utf8;
/*!40101 SET character_set_client = @saved_cs_client */;

--
-- Dumping data for table `vlan`
--

LOCK TABLES `vlan` WRITE;
/*!40000 ALTER TABLE `vlan` DISABLE KEYS */;
INSERT INTO `vlan` VALUES (1,'vlan101','内部数据vlan','admin','2013-12-19 13:08:10',3),(2,'vlan102','内部数据vlan','admin','2013-12-19 13:08:13',4),(3,'vlan103','内部数据vlan','admin','2013-12-19 13:08:17',5),(4,'vlan104','内部数据vlan','admin','2013-12-19 13:08:21',6),(5,'vlan105','内部数据vlan','admin','2013-12-19 13:08:24',7),(6,'vlan106','内部数据vlan','admin','2013-12-19 13:08:27',8),(7,'vlan107','内部数据vlan','admin','2013-12-19 13:08:30',9),(8,'vlan108','内部数据vlan','admin','2013-12-19 13:08:35',10),(9,'vlan701','内部管理vlan','admin','2013-12-19 13:08:48',11),(10,'vlan702','内部管理vlan','admin','2013-12-19 13:08:51',12),(11,'vlan703','内部管理vlan','admin','2013-12-19 13:09:15',13),(12,'vlan704','内部管理vlan','admin','2013-12-19 13:08:55',14),(13,'vlan705','内部管理vlan','admin','2013-12-19 13:09:08',15),(14,'vlan706','内部管理vlan','admin','2013-12-19 13:09:05',16),(15,'vlan707','内部管理vlan','admin','2013-12-19 13:09:02',17),(16,'vlan708','内部管理vlan','admin','2013-12-19 13:08:59',18);
/*!40000 ALTER TABLE `vlan` ENABLE KEYS */;
UNLOCK TABLES;
/*!40103 SET TIME_ZONE=@OLD_TIME_ZONE */;

/*!40101 SET SQL_MODE=@OLD_SQL_MODE */;
/*!40014 SET FOREIGN_KEY_CHECKS=@OLD_FOREIGN_KEY_CHECKS */;
/*!40014 SET UNIQUE_CHECKS=@OLD_UNIQUE_CHECKS */;
/*!40101 SET CHARACTER_SET_CLIENT=@OLD_CHARACTER_SET_CLIENT */;
/*!40101 SET CHARACTER_SET_RESULTS=@OLD_CHARACTER_SET_RESULTS */;
/*!40101 SET COLLATION_CONNECTION=@OLD_COLLATION_CONNECTION */;
/*!40111 SET SQL_NOTES=@OLD_SQL_NOTES */;

-- Dump completed on 2013-12-31  9:43:33
